{"cameraMode":{"drawMode":0,"name":"Shaded","section":"Shading Mode"},"sceneLighting":true,"audioPlay":false,"sceneViewState":{"showFog":true,"showMaterialUpdate":false,"showSkybox":true,"showFlares":true,"showImageEffects":true,"showParticleSystems":true},"in2DMode":false,"pivot":{"x":-1.5972871780395508,"y":-2.777923822402954,"z":-5.476404190063477},"rotation":{"x":-0.021510664373636247,"y":0.9732294678688049,"z":-0.2047010362148285,"w":-0.10227042436599732},"size":10.832064628601075,"orthographic":false}